{"publicationGroup": 4528409, "viewLastModified": 1545857451, "grants": [{"flags": ["public"], "type": "viewer", "inherited": false}], "publicationDate": 1462316396, "id": "ez4e-fazm", "rights": ["read"], "owner": {"flags": ["mayBeStoriesCoOwner"], "profileImageUrlMedium": "/api/users/5fuc-pqz2/profile_images/THUMB", "profileImageUrlSmall": "/api/users/5fuc-pqz2/profile_images/TINY", "screenName": "NYC OpenData", "profileImageUrlLarge": "/api/users/5fuc-pqz2/profile_images/LARGE", "id": "5fuc-pqz2", "type": "interactive", "displayName": "NYC OpenData"}, "attribution": "Department of Education (DOE)", "newBackend": false, "averageRating": 0, "indexUpdatedAt": 1550662607, "columns": [{"renderTypeName": "text", "position": 1, "tableColumnId": 31729343, "format": {"align": "left"}, "description": "Indicates the school year the record refers to. The DOE school year starts in September every year. ", "cachedContents": {"non_null": 299765, "null": 0, "largest": "2019-2020", "top": [{"count": 20, "item": "2015-2016"}, {"count": 19, "item": "2019-2020"}, {"count": 18, "item": "2016-2017"}, {"count": 17, "item": "2017-2018"}, {"count": 16, "item": "2018-2019"}], "smallest": "2015-2016"}, "id": 253379568, "dataTypeName": "text", "fieldName": "school_year", "width": 108, "name": "School_Year"}, {"renderTypeName": "number", "position": 2, "tableColumnId": 31729344, "format": {"precisionStyle": "standard", "align": "right", "noCommas": "true"}, "description": "Unique ID of each record.", "cachedContents": {"null": 0, "average": "1365584.478087835", "non_null": 299765, "sum": "409354431074", "largest": "1520267", "top": [{"count": 20, "item": "1520254"}, {"count": 19, "item": "1520255"}, {"count": 18, "item": "1520256"}, {"count": 17, "item": "1520257"}, {"count": 16, "item": "1520258"}, {"count": 15, "item": "1520259"}, {"count": 14, "item": "1520260"}, {"count": 13, "item": "1520261"}, {"count": 12, "item": "1520262"}, {"count": 11, "item": "1520263"}, {"count": 10, "item": "1520264"}, {"count": 9, "item": "1520265"}, {"count": 8, "item": "1520266"}, {"count": 7, "item": "1520267"}], "smallest": "1212681"}, "id": 253379569, "dataTypeName": "number", "fieldName": "busbreakdown_id", "width": 120, "name": "Busbreakdown_ID"}, {"renderTypeName": "text", "position": 3, "tableColumnId": 31729345, "format": {"align": "left"}, "description": "Designates whether a breakdown or delay occurred on a specific category of busing service. The categories are:\n\u2022\tGeneral Ed AM Run - stop-to-school service in the morning with pick-ups at bus stops and drops-offs at school(s). \n\u2022\tGeneral Ed PM Run - stop-to-school service in the afternoon with pick-ups at school(s) and drop-offs at bus stops.\n\u2022\tGeneral Ed Field Trip - refers to any mid-day bus trip that does not involve at least one student with an IEP for busing. For OPT, the term \"field trip\" is a contract term referring to any mid-day trip, including work programs as well as traditional field trips to the museum.\n\u2022\tSpecial Ed AM Run \u2013 curb-to-curb service in the morning with pick-ups at residences and drop-offs at school(s).\n\u2022\tSpecial Ed PM Run - curb-to-curb service in the afternoon with pick-ups at school(s) and drop-offs at residences.\n\u2022\tSpecial Ed Field Trip - refers to any mid-day bus trip that includes at least one student with an IEP for busing. For OPT, the term \"field trip\" is a contract term referring to any mid-day trip, including work programs as well as traditional field trips to the museum.\n\u2022\tPre-K/EI - Pre-Kindergarten or Early Intervention program curb-to-curb run. Pre-K/EI service has different service levels and contract terms from OPT's school aged service. OPT provides curb-to-curb busing to Pre-K students with an Individualized Education Program (IEP) for busing and selected children in the Dept. of Health and Mental Hygiene\u2019s Early Intervention program.\n\u2022\tProject Read PM Run \u2013 curb-to-curb busing service for special education students enrolled in late-day programs. As a rule, bus service is only available to schools or sites that dismiss students before 4:30 PM. There are a small number of approved programs that dismiss students after 4:30 PM.\n", "cachedContents": {"non_null": 299762, "null": 3, "largest": "Special Ed PM Run", "top": [{"count": 20, "item": "Special Ed AM Run"}, {"count": 19, "item": "General Ed AM Run"}, {"count": 18, "item": "Pre-K/EI"}, {"count": 17, "item": "Special Ed PM Run"}, {"count": 16, "item": "General Ed PM Run"}, {"count": 15, "item": "Special Ed Field Trip"}, {"count": 14, "item": "General Ed Field Trip"}, {"count": 13, "item": "Project Read PM Run"}, {"count": 12, "item": "Project Read AM Run"}, {"count": 11, "item": "Project Read Field Trip"}], "smallest": "General Ed AM Run"}, "id": 253379570, "dataTypeName": "text", "fieldName": "run_type", "width": 196, "name": "Run_Type"}, {"renderTypeName": "text", "position": 4, "tableColumnId": 31729353, "format": {"align": "left"}, "description": "The bus number is assigned by the bus vendor. The numbers are not unique identifiers and may be repeated across vendors. For example, many bus vendors may have a Bus #1. Each bus vendor may have their own numbering convention.", "cachedContents": {"non_null": 299756, "null": 9, "largest": "ZFOO77", "top": [{"count": 20, "item": "1362"}, {"count": 19, "item": "1375"}, {"count": 18, "item": "2536"}, {"count": 17, "item": "2855"}], "smallest": "-"}, "id": 253379571, "dataTypeName": "text", "fieldName": "bus_no", "width": 137, "name": "Bus_No"}, {"renderTypeName": "text", "position": 5, "tableColumnId": 31729354, "format": {"align": "left"}, "description": "This refers to the unique identifier four (1 alpha + 3 numeric) character route numbers indicate curb-to-curb service while five (1 alpha + 4 numeric) indicates stop-to-school service. Pre-K/EI routes may have any value in the Route Number field; bus vendors are not required to follow any naming convention for those routes.", "cachedContents": {"non_null": 299758, "null": 7, "largest": "Y999", "top": [{"count": 20, "item": "K608"}, {"count": 19, "item": "N070"}, {"count": 18, "item": "M552"}, {"count": 17, "item": "N048"}, {"count": 16, "item": "L709"}, {"count": 15, "item": "N084"}], "smallest": "0"}, "id": 253379572, "dataTypeName": "text", "fieldName": "route_number", "width": 141, "name": "Route_Number"}, {"renderTypeName": "text", "position": 6, "tableColumnId": 31729355, "format": {"align": "left"}, "description": "Reason for delay as entered by staff employed by reporting bus vendor. User chooses from the following categories:\n\u2022\tAccident - to be selected if any accident that delays the bus is recorded. The bus can be delayed by an accident that the bus itself is not actually involved in. \n\u2022\tDelayed by School - to be selected by reporting bus vendors when schools have delays ushering students to or from the bus.\n\u2022\tFlat Tire - to be selected by reporting bus vendors for any flat tire that requires the bus to stop and wait for assistance\n\u2022\tHeavy Traffic - to be selected by the reporting bus vendor when heavy traffic conditions delay the scheduled service.\n\u2022\tMechanical Problem -  to be selected by reporting bus vendors for any type of mechanical problem other than 'Flat Tire' or 'Won't Start'\n\u2022\tOther - to be selected by the reporting bus vendor when the delay cannot be classified within the available categories\n\u2022\tProblem Run - Some routes may be late to a destination because the bus vendor believes the route has too many stops or is too long. There is a process for bus vendors to submit these Problem Runs to OPT staff for research and resolution. While that work is being done, bus vendors can record routes as being delayed by selecting the Problem Run category.\n\u2022\tWeather Conditions - to be selected by the reporting bus vendor when weather conditions delay the scheduled service.\n\u2022\tWon't Start - to be selected by the reporting bus vendor when a bus that has already left the bus yard won't start. There is usually a delay while a replacement bus is dispatched to the out-of-service bus's location\n", "cachedContents": {"non_null": 299763, "null": 2, "largest": "Won`t Start", "top": [{"count": 20, "item": "Other"}, {"count": 19, "item": "Mechanical Problem"}, {"count": 18, "item": "Heavy Traffic"}, {"count": 17, "item": "Problem Run"}, {"count": 16, "item": "Won`t Start"}, {"count": 15, "item": "Flat Tire"}, {"count": 14, "item": "Weather Conditions"}, {"count": 13, "item": "Accident"}, {"count": 12, "item": "Delayed by School"}, {"count": 11, "item": "Late return from Field Trip"}], "smallest": "Accident"}, "id": 253379573, "dataTypeName": "text", "fieldName": "reason", "width": 168, "name": "Reason"}, {"renderTypeName": "text", "position": 7, "tableColumnId": 31729356, "format": {"align": "left"}, "description": "OPT Codes of all transportation sites on the route. If there is more than one site, each site code will be separated by a comma. If the incident occurred on a bus used for Pre-K/EI service, the code will have one alpha, three numeric and sometimes one additional alpha character. If the incident occurred on a bus used for school-aged service, the code will have five text formatted numerals and may include a leading zero.", "cachedContents": {"non_null": 299758, "null": 7, "largest": "X093", "top": [{"count": 20, "item": "02986"}, {"count": 19, "item": "02699"}, {"count": 18, "item": "13056,13453"}, {"count": 17, "item": "03076,03973"}, {"count": 16, "item": "14017,14452,14559,14577"}, {"count": 15, "item": "03841,03862,03973"}], "smallest": ",02635,02841,02267"}, "id": 253379574, "dataTypeName": "text", "fieldName": "schools_serviced", "width": 174, "name": "Schools_Serviced"}, {"renderTypeName": "calendar_date", "position": 9, "tableColumnId": 31729360, "format": {"view": "date_time", "align": "left"}, "description": "Time/date the incident occurred, as entered by the staff employed by the reporting bus vendor", "cachedContents": {"non_null": 299765, "null": 0, "largest": "2020-03-30T06:30:00", "top": [{"count": 20, "item": "2019-02-13T06:50:00"}, {"count": 19, "item": "2019-02-13T07:00:00"}, {"count": 18, "item": "2019-02-13T07:20:00"}, {"count": 17, "item": "2019-02-13T07:45:00"}, {"count": 16, "item": "2019-02-13T13:45:00"}, {"count": 15, "item": "2019-02-13T14:17:00"}, {"count": 14, "item": "2019-02-13T14:20:00"}, {"count": 13, "item": "2019-02-13T14:05:00"}, {"count": 12, "item": "2019-02-13T14:25:00"}, {"count": 11, "item": "2019-02-13T14:40:00"}, {"count": 10, "item": "2019-02-13T15:00:00"}, {"count": 9, "item": "2019-02-13T15:08:00"}, {"count": 8, "item": "2019-02-13T14:35:00"}, {"count": 7, "item": "2019-02-14T05:40:00"}, {"count": 6, "item": "2019-02-14T05:41:00"}, {"count": 5, "item": "2019-02-14T05:42:00"}, {"count": 4, "item": "2019-02-14T05:44:00"}, {"count": 3, "item": "2019-02-14T05:45:00"}, {"count": 2, "item": "2019-02-14T05:43:00"}, {"count": 1, "item": "2019-02-14T05:46:00"}], "smallest": "2015-09-01T06:12:00"}, "id": 253379575, "dataTypeName": "calendar_date", "fieldName": "occurred_on", "width": 156, "name": "Occurred_On"}, {"renderTypeName": "calendar_date", "position": 10, "tableColumnId": 31729364, "format": {"view": "date_time", "align": "left"}, "description": "Time/date the record was created in the OPT Breakdown and Delay system.", "cachedContents": {"non_null": 299765, "null": 0, "largest": "2019-02-14T06:05:00", "top": [{"count": 20, "item": "2019-02-13T14:51:00"}, {"count": 19, "item": "2019-02-13T15:09:00"}, {"count": 18, "item": "2019-02-13T15:22:00"}, {"count": 17, "item": "2019-02-14T05:47:00"}, {"count": 16, "item": "2019-02-14T05:52:00"}, {"count": 15, "item": "2019-02-14T05:54:00"}, {"count": 14, "item": "2019-02-14T05:59:00"}, {"count": 13, "item": "2019-02-14T06:02:00"}, {"count": 12, "item": "2019-02-14T06:03:00"}, {"count": 11, "item": "2019-02-14T06:04:00"}, {"count": 10, "item": "2019-02-14T06:05:00"}], "smallest": "2015-09-01T06:16:00"}, "id": 253379576, "dataTypeName": "calendar_date", "fieldName": "created_on", "width": 169, "name": "Created_On"}, {"renderTypeName": "text", "position": 11, "tableColumnId": 31729365, "format": {"align": "left"}, "description": "Borough, county or state in which the delay occurred, as entered by the staff employed by the reporting bus vendor.", "cachedContents": {"non_null": 285510, "null": 14255, "largest": "Westchester", "top": [{"count": 20, "item": "Nassau County"}, {"count": 19, "item": "Brooklyn"}, {"count": 18, "item": "Westchester"}, {"count": 17, "item": "Manhattan"}, {"count": 16, "item": "Queens"}, {"count": 15, "item": "Bronx"}, {"count": 14, "item": "Staten Island"}, {"count": 13, "item": "Rockland County"}, {"count": 12, "item": "New Jersey"}, {"count": 11, "item": "All Boroughs"}, {"count": 10, "item": "Connecticut"}], "smallest": "All Boroughs"}, "id": 253379577, "dataTypeName": "text", "fieldName": "boro", "width": 131, "name": "Boro"}, {"renderTypeName": "text", "position": 12, "tableColumnId": 31729366, "format": {"align": "left"}, "description": "Bus vendor name of the reporting bus vendor.", "cachedContents": {"non_null": 299765, "null": 0, "largest": "Y & M TRANSIT CORP (B2321)", "top": [{"count": 20, "item": "BORO TRANSIT, INC."}, {"count": 19, "item": "RELIANT TRANS, INC. (B232"}, {"count": 18, "item": "NEW DAWN TRANSIT, LLC (B2"}, {"count": 17, "item": "LEESEL TRANSP CORP (B2192"}, {"count": 16, "item": "LOGAN BUS COMPANY INC."}, {"count": 15, "item": "HOYT TRANSPORTATION CORP."}, {"count": 14, "item": "SNT BUS INC"}, {"count": 13, "item": "LITTLE RICHIE BUS SERVICE"}, {"count": 12, "item": "G.V.C. LTD. (B2192)"}, {"count": 11, "item": "PIONEER TRANSPORTATION CO"}, {"count": 10, "item": "JOFAZ TRANSPORTATION INC."}, {"count": 9, "item": "VAN TRANS LLC (B2192)"}, {"count": 8, "item": "L & M BUS CORP."}, {"count": 7, "item": "G.V.C., LTD."}, {"count": 6, "item": "ALLIED TRANSIT CORP."}, {"count": 5, "item": "RELIANT TRANS, INC. (B2321)"}, {"count": 4, "item": "PIONEER TRANSPORTATION CORP"}, {"count": 3, "item": "LEESEL TRANSP CORP (B2192)"}, {"count": 2, "item": "NEW DAWN TRANSIT, LLC (B2321)"}, {"count": 1, "item": "RELIANT TRANSPORTATION, INC (B2321)"}], "smallest": "`"}, "id": 253379578, "dataTypeName": "text", "fieldName": "bus_company_name", "width": 292, "name": "Bus_Company_Name"}, {"renderTypeName": "text", "position": 13, "tableColumnId": 31729367, "format": {"align": "left"}, "description": "Length of delay as estimated by the staff employed by the reporting bus vendor. OPT does not systematically monitor the contents of this field in real time.", "cachedContents": {"non_null": 262624, "null": 37141, "largest": "UNSURE", "top": [{"count": 20, "item": "30MINS"}, {"count": 19, "item": "20 min"}, {"count": 18, "item": "15 mins"}, {"count": 17, "item": "30 MINS"}, {"count": 16, "item": "20 mins"}, {"count": 15, "item": "20 MINS"}, {"count": 14, "item": "30 minutes"}, {"count": 13, "item": "15 MINS"}, {"count": 12, "item": "25 MINS"}, {"count": 11, "item": "20-30mins"}, {"count": 10, "item": "30 min"}, {"count": 9, "item": "45MIN"}, {"count": 8, "item": "20MNTS"}, {"count": 7, "item": "45MINS"}, {"count": 6, "item": "20mnts"}, {"count": 5, "item": "30mins"}, {"count": 4, "item": "20 MINTUES"}, {"count": 3, "item": "40 min"}, {"count": 2, "item": "20MIN"}, {"count": 1, "item": "30 MINTUES"}], "smallest": "------"}, "id": 253379579, "dataTypeName": "text", "fieldName": "how_long_delayed", "width": 142, "name": "How_Long_Delayed"}, {"renderTypeName": "number", "position": 14, "tableColumnId": 31729368, "format": {"precisionStyle": "standard", "align": "right", "noCommas": "false"}, "description": "Number of students on the bus at the time of the incident as estimated by the staff employed by the reporting bus vendor. OPT does not systematically monitor the contents of this field in real time.", "cachedContents": {"null": 0, "average": "3.335149200206829", "non_null": 299765, "sum": "999761", "largest": "9052", "top": [{"count": 20, "item": "0"}, {"count": 19, "item": "1"}, {"count": 18, "item": "9"}, {"count": 17, "item": "2"}, {"count": 16, "item": "3"}, {"count": 15, "item": "4"}, {"count": 14, "item": "15"}, {"count": 13, "item": "6"}, {"count": 12, "item": "8"}, {"count": 11, "item": "20"}, {"count": 10, "item": "30"}, {"count": 9, "item": "7"}, {"count": 8, "item": "17"}, {"count": 7, "item": "5"}, {"count": 6, "item": "11"}, {"count": 5, "item": "12"}, {"count": 4, "item": "13"}, {"count": 3, "item": "10"}, {"count": 2, "item": "14"}, {"count": 1, "item": "23"}], "smallest": "0"}, "id": 253379580, "dataTypeName": "number", "fieldName": "number_of_students_on_the_bus", "width": 237, "name": "Number_Of_Students_On_The_Bus"}, {"renderTypeName": "text", "position": 15, "tableColumnId": 31729369, "format": {"align": "left"}, "description": "Indicator status as reported by the staff employed by the reporting bus vendor. OPT does not systematically monitor the contents of this field in real time.", "cachedContents": {"non_null": 299765, "null": 0, "largest": "Yes", "top": [{"count": 20, "item": "Yes"}, {"count": 19, "item": "No"}], "smallest": "No"}, "id": 253379581, "dataTypeName": "text", "fieldName": "has_contractor_notified_schools", "width": 215, "name": "Has_Contractor_Notified_Schools"}, {"renderTypeName": "text", "position": 17, "tableColumnId": 31729371, "format": {"align": "left"}, "description": "Indicator status as reported by the staff employed by the reporting bus vendor. OPT does not systematically monitor the contents of this field in real time.", "cachedContents": {"non_null": 299765, "null": 0, "largest": "Yes", "top": [{"count": 20, "item": "No"}, {"count": 19, "item": "Yes"}], "smallest": "No"}, "id": 253379582, "dataTypeName": "text", "fieldName": "has_contractor_notified_parents", "width": 202, "name": "Has_Contractor_Notified_Parents"}, {"renderTypeName": "text", "position": 18, "tableColumnId": 31729372, "format": {"align": "left"}, "description": "Indicator status as reported by the staff employed by the reporting bus vendor. OPT does not systematically monitor the contents of this field in real time.", "cachedContents": {"non_null": 299765, "null": 0, "largest": "Yes", "top": [{"count": 20, "item": "No"}, {"count": 19, "item": "Yes"}], "smallest": "No"}, "id": 253379583, "dataTypeName": "text", "fieldName": "have_you_alerted_opt", "width": 198, "name": "Have_You_Alerted_OPT"}, {"renderTypeName": "calendar_date", "position": 20, "tableColumnId": 31729374, "format": {"view": "date_time", "align": "left"}, "description": "Date on which the school, parents or OPT was notified, as reported by the bus vendor.", "cachedContents": {"non_null": 299765, "null": 0, "largest": "2019-02-14T06:05:00", "top": [{"count": 20, "item": "2019-02-13T14:51:00"}, {"count": 19, "item": "2019-02-13T15:09:00"}, {"count": 18, "item": "2019-02-13T15:22:00"}, {"count": 17, "item": "2019-02-14T05:47:00"}, {"count": 16, "item": "2019-02-14T05:52:00"}, {"count": 15, "item": "2019-02-14T05:54:00"}, {"count": 14, "item": "2019-02-14T05:59:00"}, {"count": 13, "item": "2019-02-14T06:02:00"}, {"count": 12, "item": "2019-02-14T06:03:00"}, {"count": 11, "item": "2019-02-14T06:04:00"}, {"count": 10, "item": "2019-02-14T06:05:00"}], "smallest": "2015-09-01T06:16:00"}, "id": 253379584, "dataTypeName": "calendar_date", "fieldName": "informed_on", "width": 153, "name": "Informed_On"}, {"renderTypeName": "text", "position": 21, "tableColumnId": 31729375, "format": {"align": "left"}, "description": "Some reports of bus breakdowns or delays originate from calls to the OPT Customer Service line who records incidents. When this happens, the record will have the Incident reference number.", "cachedContents": {"non_null": 9742, "null": 290023, "largest": "z", "top": [{"count": 20, "item": "X"}, {"count": 19, "item": "90558530"}, {"count": 18, "item": "90561578"}, {"count": 17, "item": "90566156"}, {"count": 16, "item": "907685047"}, {"count": 15, "item": "90765758"}, {"count": 14, "item": "90766409"}, {"count": 13, "item": "90768180"}, {"count": 12, "item": "90768543"}, {"count": 11, "item": "90769335"}, {"count": 10, "item": "90771245"}, {"count": 9, "item": "90772175"}, {"count": 8, "item": "90774662"}, {"count": 7, "item": "90776320"}, {"count": 6, "item": "90780268"}, {"count": 5, "item": "90783576"}, {"count": 4, "item": "90784368"}, {"count": 3, "item": "90784326"}, {"count": 2, "item": "90784819"}, {"count": 1, "item": "90785311"}], "smallest": "?"}, "id": 253379585, "dataTypeName": "text", "fieldName": "incident_number", "width": 189, "name": "Incident_Number"}, {"renderTypeName": "calendar_date", "position": 22, "tableColumnId": 31729376, "format": {"view": "date_time", "align": "left"}, "description": "Time/date the record was last edited in the OPT Breakdown and Delay system.", "cachedContents": {"non_null": 299765, "null": 0, "largest": "2019-02-13T17:06:44", "top": [{"count": 20, "item": "1900-01-01T00:00:00"}, {"count": 19, "item": "2019-02-13T09:38:37"}, {"count": 18, "item": "2019-02-13T09:48:31"}, {"count": 17, "item": "2019-02-13T08:44:43"}, {"count": 16, "item": "2019-02-13T10:30:55"}, {"count": 15, "item": "2019-02-13T13:54:31"}, {"count": 14, "item": "2019-02-13T14:05:36"}, {"count": 13, "item": "2019-02-13T14:10:09"}, {"count": 12, "item": "2019-02-13T14:10:19"}, {"count": 11, "item": "2019-02-13T14:14:00"}, {"count": 10, "item": "2019-02-13T14:24:44"}, {"count": 9, "item": "2019-02-13T14:23:53"}, {"count": 8, "item": "2019-02-13T14:31:25"}, {"count": 7, "item": "2019-02-13T14:32:57"}, {"count": 6, "item": "2019-02-13T16:11:33"}, {"count": 5, "item": "2019-02-13T14:55:18"}, {"count": 4, "item": "2019-02-13T14:58:41"}, {"count": 3, "item": "2019-02-13T15:24:23"}, {"count": 2, "item": "2019-02-13T17:06:44"}], "smallest": "1900-01-01T00:00:00"}, "id": 253379586, "dataTypeName": "calendar_date", "fieldName": "last_updated_on", "width": 170, "name": "Last_Updated_On"}, {"renderTypeName": "text", "position": 23, "tableColumnId": 31729377, "format": {"align": "left"}, "description": "Indicator status as reported by the staff employed by the reporting bus vendor. OPT does not edit this field. Designates whether a bus has broken down (and requires another vehicle to be dispatched to finish the route) or is delayed (and may not require another vehicle).", "cachedContents": {"non_null": 299765, "null": 0, "largest": "Running Late", "top": [{"count": 20, "item": "Running Late"}, {"count": 19, "item": "Breakdown"}], "smallest": "Breakdown"}, "id": 253379587, "dataTypeName": "text", "fieldName": "breakdown_or_running_late", "width": 182, "name": "Breakdown_or_Running_Late"}, {"renderTypeName": "text", "position": 24, "tableColumnId": 31729378, "format": {"align": "left"}, "description": "Indicator of whether the route serves the school-age or Pre-K/EI population. These two busing types have very different contract terms. OPT does not perform route planning for Pre-K service and doesn't assign route numbers.", "cachedContents": {"non_null": 299765, "null": 0, "largest": "School-Age", "top": [{"count": 20, "item": "School-Age"}, {"count": 19, "item": "Pre-K"}], "smallest": "Pre-K"}, "id": 253379588, "dataTypeName": "text", "fieldName": "school_age_or_prek", "width": 171, "name": "School_Age_or_PreK"}], "publicationStage": "published", "hideFromDataJson": false, "viewType": "tabular", "totalTimesRated": 0, "rowsUpdatedBy": "5fuc-pqz2", "tableId": 10515991, "createdAt": 1443632903, "description": "The Bus Breakdown and Delay system collects information from school bus vendors operating out in the field in real time. Bus staff that encounter delays during the route are instructed to radio the dispatcher at the bus vendor\u2019s central office. The bus vendor staff are then instructed to log into the Bus Breakdown and Delay system to record the event and notify OPT. OPT customer service agents use this system to inform parents who call with questions regarding bus service. The Bus Breakdown and Delay system is publicly accessible and contains real time updates. All information in the system is entered by school bus vendor staff.", "provenance": "official", "publicationAppendEnabled": false, "metadata": {"rdfSubject": "0", "rdfClass": "", "custom_fields": {"Dataset Information": {"Agency": "Department of Education (DOE)"}, "Legislative Compliance": {"Geo-coding Attached?": ""}, "Update": {"Update Frequency": "Daily", "Automation": "Yes", "Date Made Public": "4/11/2016"}}, "rowIdentifier": 253379589, "rowLabel": "Row", "availableDisplayTypes": ["table", "fatrow", "page"], "renderTypeConfig": {"visible": {"table": true}}, "attachments": [{"filename": "OPT Open Data Descriptions v0.2.docx", "name": "OPT Open Data Descriptions v0.2.docx", "assetId": "0bb6a206-bfc3-484e-9da1-f78be62eb4b8"}]}, "numberOfComments": 0, "rowClass": "", "downloadCount": 3899, "category": "Transportation", "name": "Bus Breakdown and Delays", "query": {}, "oid": 20651729, "hideFromCatalog": false, "displayType": "table", "flags": ["default", "restorable", "restorePossibleForType"], "rowsUpdatedAt": 1550662577, "viewCount": 6279, "tags": ["bus", "schools", "transportation", "doe"], "tableAuthor": {"flags": ["mayBeStoriesCoOwner"], "profileImageUrlMedium": "/api/users/5fuc-pqz2/profile_images/THUMB", "profileImageUrlSmall": "/api/users/5fuc-pqz2/profile_images/TINY", "screenName": "NYC OpenData", "profileImageUrlLarge": "/api/users/5fuc-pqz2/profile_images/LARGE", "id": "5fuc-pqz2", "type": "interactive", "displayName": "NYC OpenData"}}